patch,Aglaia,Shorea,Dipterocarpus,Macaranga,Ficus,Xerospermum,Knema,Gironniera
P00,0.0,0.0,19.1,4.3,10.4,0.0,8.0,0.0
P01,32.7,0.0,3.1,0.0,22.8,1.8,10.1,0.0
P02,23.0,101.7,46.6,0.0,23.8,0.0,11.5,62.3
P03,21.1,0.0,4.6,0.0,21.2,13.6,22.8,0.0
P04,35.0,1.8,28.7,0.0,26.2,0.0,14.3,0.0
P05,22.2,19.1,41.8,5.3,7.9,7.9,0.0,0.0
P06,28.0,0.0,28.7,0.0,28.7,2.7,0.0,0.0
P07,26.5,0.0,80.1,0.0,11.2,33.8,0.0,25.7
P08,35.0,13.0,0.3,4.5,19.5,16.8,16.5,43.8
P09,19.0,0.0,7.6,6.6,38.9,7.0,0.0,9.7
P10,41.6,1.4,0.0,0.0,15.6,8.0,18.0,0.8
P11,0.0,1.2,0.0,0.0,18.8,0.0,8.0,0.0
P12,29.1,27.8,4.8,7.9,11.2,37.1,8.3,0.0
P13,27.2,2.7,0.0,1.7,38.7,8.5,10.6,0.0
P14,15.3,0.0,0.0,0.0,11.8,2.8,7.5,0.0
P15,0.0,1.4,20.5,3.4,24.8,0.0,0.0,4.2
P16,19.9,0.0,0.0,1.0,31.7,0.0,10.0,0.0
P17,12.3,5.4,16.5,0.0,25.8,6.4,8.3,9.7
P18,32.6,24.5,5.4,0.0,21.8,7.9,8.0,0.0
P19,9.4,0.0,0.0,0.0,19.4,56.5,9.3,0.0
P20,13.8,0.1,8.2,11.9,9.6,15.0,1.0,0.0
P21,22.9,0.0,9.6,16.3,37.9,1.5,0.0,2.8
P22,34.9,1.5,28.4,0.0,0.0,4.1,25.0,0.0
P23,31.5,0.0,0.0,0.0,18.8,4.1,23.7,0.0
P24,25.3,11.4,0.1,0.0,10.7,10.4,10.3,0.0
P25,0.0,0.0,0.0,12.7,19.2,17.8,10.0,4.3
P26,15.8,50.8,16.0,0.0,18.2,0.0,0.6,0.0
P27,17.9,3.5,41.8,0.0,38.9,11.0,6.4,8.2
P28,11.9,19.6,4.9,0.0,18.8,0.0,16.4,0.0
P29,6.0,19.4,11.7,0.0,19.1,0.0,0.0,0.0
P30,23.5,7.8,14.3,0.0,10.8,1.2,20.3,0.0
P31,32.0,23.5,6.3,0.0,12.9,10.7,0.0,0.0
P32,17.1,0.0,4.1,0.0,23.4,0.0,0.0,0.0
P33,34.6,3.6,27.8,0.0,7.1,14.3,10.9,0.0
P34,8.6,0.0,1.7,0.0,28.7,11.7,26.3,5.5
P35,11.4,0.4,0.0,0.0,29.0,0.0,2.5,0.0
P36,23.2,0.0,0.0,0.0,12.3,0.0,7.4,0.0
P37,16.2,89.0,30.7,27.3,21.8,0.0,2.3,0.0
P38,30.6,4.9,0.0,0.0,32.1,0.3,4.7,0.0
P39,0.0,0.0,0.0,0.0,17.5,26.1,31.5,33.8
P40,16.9,0.3,10.5,0.0,16.0,0.0,7.4,0.0
P41,9.2,18.5,18.7,0.0,17.0,35.6,1.3,0.7
P42,15.8,8.5,8.8,0.0,20.9,0.0,4.1,0.0
P43,28.3,0.0,34.3,0.0,13.7,0.0,2.0,4.7
P44,31.3,57.0,35.6,1.0,15.4,7.4,11.2,0.0
P45,16.3,2.3,0.0,0.0,21.1,0.0,13.6,2.9
P46,6.0,0.0,63.7,0.0,14.8,0.0,18.2,0.0
P47,8.3,0.0,14.0,0.0,10.3,5.9,15.7,0.0
P48,27.0,0.0,0.0,0.0,6.8,0.8,2.7,17.7
P49,16.8,0.3,18.2,0.0,18.9,11.5,13.1,75.8
P50,17.0,0.0,17.9,0.2,31.2,0.2,8.9,26.9
P51,0.0,77.9,1.0,0.0,22.3,0.0,0.0,0.0
P52,11.2,44.4,0.0,0.0,10.5,0.0,0.0,7.0
P53,34.3,0.0,0.0,0.0,12.9,12.0,34.2,4.5
P54,27.5,1.4,35.4,0.0,16.0,0.0,4.4,4.6
P55,14.5,13.7,0.0,0.0,39.5,3.2,3.8,0.0
P56,22.3,0.0,0.0,1.1,40.4,28.5,6.7,6.0
P57,24.5,0.0,0.0,0.0,38.3,0.0,9.2,0.7
P58,49.8,0.0,34.2,0.0,19.8,37.0,5.6,8.0
P59,10.6,0.0,13.1,13.3,61.8,0.0,4.6,0.0
